0	an inmate
1	an inmate
2	an inmate
3	an inmate
4	an inmate
5	an inmate
6	an inmate
7	an inmate
8	an inmate
9	an inmate
10	an inmate
11	an inmate
12	an inmate
13	an inmate
14	an inmate
15	an inmate
16	an inmate
17	an inmate
18	an inmate
19	an inmate
20	an inmate
21	an inmate
22	an inmate
23	an inmate
24	an inmate
25	an inmate
26	an inmate
27	an inmate
28	an inmate
29	an inmate
30	an inmate
31	an inmate
32	an inmate
33	an inmate
34	an inmate
35	an inmate
36	an inmate
37	an inmate
38	an inmate
39	an inmate
40	an inmate
41	an inmate
42	an inmate
43	an inmate
44	an inmate
45	an inmate
46	an inmate
47	an inmate
48	an inmate
49	an inmate
50	an inmate
51	an inmate
52	an inmate
53	an inmate
54	an inmate
55	an inmate
56	an inmate
57	an inmate
58	an inmate
59	an inmate
60	an inmate
61	an inmate
62	an inmate
63	an inmate
64	an inmate
65	an inmate
66	an inmate
67	an inmate
68	an inmate
69	an inmate
70	an inmate
71	an inmate
72	an inmate
73	an inmate
74	an inmate
75	an inmate
76	an inmate
77	an inmate
78	an inmate
79	an inmate
80	an inmate
81	an inmate
82	an inmate
83	an inmate
84	an inmate
85	an inmate
86	an inmate
87	an inmate
88	an inmate
89	an inmate
90	an inmate
91	an inmate
92	an inmate
93	an inmate
94	an inmate
95	an inmate
96	an inmate
97	an inmate
98	an inmate
99	an inmate
100	an inmate
101	an inmate
102	an inmate
103	an inmate
104	an inmate
105	an inmate
106	an inmate
107	an inmate
108	an inmate
109	an inmate
110	an inmate
111	an inmate
112	an inmate
113	an inmate
114	an inmate
115	an inmate
116	an inmate
117	an inmate
118	an inmate
119	an inmate
120	an inmate
121	an inmate
122	an inmate
123	an inmate
124	an inmate
125	an inmate
126	an inmate
127	an inmate
128	an inmate
129	an inmate
130	an inmate
131	an inmate
132	an inmate
133	an inmate
134	an inmate
135	an inmate
136	an inmate
137	an inmate
138	an inmate
139	an inmate
140	an inmate
141	an inmate
142	an inmate
143	an inmate
144	an inmate
145	an inmate
146	an inmate
147	an inmate
148	an inmate
149	an inmate
150	an inmate
151	an inmate
152	an inmate
153	an inmate
154	an inmate
155	an inmate
156	an inmate
157	an inmate
158	an inmate
159	an inmate
160	an inmate
161	an inmate
162	an inmate
163	an inmate
164	an inmate
165	an inmate
166	an inmate
167	an inmate
168	an inmate
169	an inmate
170	an inmate
171	an inmate
172	an inmate
173	an inmate
174	an inmate
175	an inmate
176	an inmate
177	an inmate
178	an inmate
179	an inmate
180	an inmate
181	an inmate
182	an inmate
183	an inmate
184	an inmate
185	an inmate
186	an inmate
187	an inmate
188	an inmate
189	an inmate
190	an inmate
191	an inmate
192	an inmate
193	an inmate
194	an inmate
195	an inmate
196	an inmate
197	an inmate
198	an inmate
199	an inmate
200	an inmate
201	an inmate
202	an inmate
203	an inmate
204	an inmate
205	an inmate
206	an inmate
207	an inmate
208	an inmate
209	an inmate
210	an inmate
211	an inmate
212	an inmate
213	an inmate
214	an inmate
215	an inmate
216	an inmate
217	an inmate
218	an inmate
219	an inmate
220	an inmate
221	an inmate
222	an inmate
223	an inmate
224	an inmate
225	an inmate
226	an inmate
227	an inmate
228	an inmate
229	an inmate
230	an inmate
231	an inmate
232	an inmate
233	an inmate
234	an inmate
235	an inmate
236	an inmate
237	an inmate
238	an inmate
239	an inmate
240	an inmate
241	an inmate
242	an inmate
243	an inmate
244	an inmate
245	an inmate
246	an inmate
247	an inmate
248	an inmate
249	an inmate
250	an inmate
251	an inmate
252	an inmate
253	an inmate
254	an inmate
255	an inmate
256	an inmate
257	an inmate
258	an inmate
259	an inmate
260	an inmate
261	an inmate
262	an inmate
263	an inmate
264	an inmate
265	an inmate
266	an inmate
267	an inmate
268	an inmate
269	an inmate
270	an inmate
271	an inmate
272	an inmate
273	an inmate
274	an inmate
275	an inmate
276	an inmate
277	an inmate
278	an inmate
279	an inmate
280	an inmate
281	an inmate
282	an inmate
283	an inmate
284	an inmate
285	an inmate
286	an inmate
287	an inmate
288	an inmate
289	an inmate
290	an inmate
291	an inmate
292	an inmate
293	an inmate
294	an inmate
295	an inmate
296	an inmate
297	an inmate
298	an inmate
299	an inmate
300	an inmate
301	an inmate
302	an inmate
303	an inmate
304	an inmate
305	an inmate
306	an inmate
307	an inmate
308	an inmate
309	an inmate
310	an inmate
311	an inmate
312	an inmate
313	an inmate
314	an inmate
315	an inmate
316	an inmate
317	an inmate
318	an inmate
319	an inmate
320	an inmate
321	an inmate
322	an inmate
323	an inmate
324	an inmate
325	an inmate
326	an inmate
327	an inmate
328	an inmate
329	an inmate
330	an inmate
331	an inmate
332	an inmate
333	an inmate
334	an inmate
335	an inmate
336	an inmate
337	an inmate
338	an inmate
339	an inmate
340	an inmate
341	an inmate
342	an inmate
343	an inmate
344	an inmate
345	an inmate
346	an inmate
347	an inmate
348	an inmate
349	an inmate
350	an inmate
351	an inmate
352	an inmate
353	an inmate
354	an inmate
355	an inmate
356	an inmate
357	an inmate
358	an inmate
359	an inmate
360	an inmate
361	an inmate
362	an inmate
363	an inmate
364	an inmate
365	an inmate
366	an inmate
367	an inmate
368	an inmate
369	an inmate
370	an inmate
371	an inmate
372	an inmate
373	an inmate
374	an inmate
375	an inmate
376	an inmate
377	an inmate
378	an inmate
379	an inmate
380	an inmate
381	an inmate
382	an inmate
383	an inmate
384	an inmate
385	an inmate
386	an inmate
387	an inmate
388	an inmate
389	an inmate
390	an inmate
391	an inmate
392	an inmate
393	an inmate
394	an inmate
395	an inmate
396	an inmate
397	an inmate
398	an inmate
399	an inmate
400	an inmate
401	an inmate
402	an inmate
403	an inmate
404	an inmate
405	an inmate
406	an inmate
407	an inmate
408	an inmate
409	an inmate
410	an inmate
411	an inmate
412	an inmate
413	an inmate
414	an inmate
415	an inmate
416	an inmate
417	an inmate
418	an inmate
419	an inmate
420	an inmate
421	an inmate
422	an inmate
423	an inmate
424	an inmate
425	an inmate
426	an inmate
427	an inmate
428	an inmate
429	an inmate
430	an inmate
431	an inmate
432	an inmate
433	an inmate
434	an inmate
435	an inmate
436	an inmate
437	an inmate
438	an inmate
439	an inmate
440	an inmate
441	an inmate
442	an inmate
443	an inmate
444	an inmate
445	an inmate
446	an inmate
447	an inmate
448	an inmate
449	an inmate
450	an inmate
451	an inmate
452	an inmate
453	an inmate
454	an inmate
455	an inmate
456	an inmate
457	an inmate
458	an inmate
459	an inmate
460	an inmate
461	an inmate
462	an inmate
463	an inmate
464	an inmate
465	an inmate
466	an inmate
467	an inmate
468	an inmate
469	an inmate
470	an inmate
471	an inmate
472	an inmate
473	an inmate
474	an inmate
475	an inmate
476	an inmate
477	an inmate
478	an inmate
479	an inmate
480	an inmate
481	an inmate
482	an inmate
483	an inmate
484	an inmate
485	an inmate
486	an inmate
487	an inmate
488	an inmate
489	an inmate
490	an inmate
491	an inmate
492	an inmate
493	an inmate
494	an inmate
495	an inmate
496	an inmate
497	an inmate
498	an inmate
499	an inmate
500	an inmate
501	an inmate
502	an inmate
503	an inmate
504	an inmate
505	an inmate
506	an inmate
507	an inmate
508	an inmate
509	an inmate
510	an inmate
511	an inmate
512	an inmate
513	an inmate
514	an inmate
515	an inmate
516	an inmate
517	an inmate
518	an inmate
519	an inmate
520	an inmate
521	an inmate
522	an inmate
523	an inmate
524	an inmate
525	an inmate
526	an inmate
527	an inmate
528	an inmate
529	an inmate
530	an inmate
531	an inmate
532	an inmate
533	an inmate
534	an inmate
535	an inmate
536	an inmate
537	an inmate
538	an inmate
539	an inmate
540	an inmate
541	an inmate
542	an inmate
543	an inmate
544	an inmate
545	an inmate
546	an inmate
547	an inmate
548	an inmate
549	an inmate
550	an inmate
551	an inmate
552	an inmate
553	an inmate
554	an inmate
555	an inmate
556	an inmate
557	an inmate
558	an inmate
559	an inmate
560	an inmate
561	an inmate
562	an inmate
563	an inmate
564	an inmate
565	an inmate
566	an inmate
567	an inmate
568	an inmate
569	an inmate
570	an inmate
571	an inmate
572	an inmate
573	an inmate
574	an inmate
575	an inmate
576	an inmate
577	an inmate
578	an inmate
579	an inmate
580	an inmate
581	an inmate
582	an inmate
583	an inmate
584	an inmate
585	an inmate
586	an inmate
587	an inmate
588	an inmate
589	an inmate
590	an inmate
591	an inmate
592	an inmate
593	an inmate
594	an inmate
595	an inmate
596	an inmate
597	an inmate
598	an inmate
599	an inmate
600	an inmate
601	an inmate
602	an inmate
603	an inmate
604	an inmate
605	an inmate
606	an inmate
607	an inmate
608	an inmate
609	an inmate
610	an inmate
611	an inmate
612	an inmate
613	an inmate
614	an inmate
615	an inmate
616	an inmate
617	an inmate
618	an inmate
619	an inmate
620	an inmate
621	an inmate
622	an inmate
623	an inmate
624	an inmate
625	an inmate
626	an inmate
627	an inmate
628	an inmate
629	an inmate
630	an inmate
631	an inmate
632	an inmate
633	an inmate
634	an inmate
635	an inmate
636	an inmate
637	an inmate
638	an inmate
639	an inmate
640	an inmate
641	an inmate
642	an inmate
643	an inmate
644	an inmate
645	an inmate
646	an inmate
647	an inmate
648	an inmate
649	an inmate
650	an inmate
651	an inmate
652	an inmate
653	an inmate
654	an inmate
655	an inmate
656	an inmate
657	an inmate
658	an inmate
659	an inmate
660	an inmate
661	an inmate
662	an inmate
663	an inmate
664	an inmate
665	an inmate
666	an inmate
667	an inmate
668	an inmate
669	an inmate
670	an inmate
671	an inmate
672	an inmate
673	an inmate
674	an inmate
675	an inmate
676	an inmate
677	an inmate
678	an inmate
679	an inmate
680	an inmate
681	an inmate
682	an inmate
683	an inmate
684	an inmate
685	an inmate
686	an inmate
687	an inmate
688	an inmate
689	an inmate
690	an inmate
691	an inmate
692	an inmate
693	an inmate
694	an inmate
695	an inmate
696	an inmate
697	an inmate
698	an inmate
699	an inmate
700	an inmate
701	an inmate
702	an inmate
703	an inmate
704	an inmate
705	an inmate
706	an inmate
707	an inmate
708	an inmate
709	an inmate
710	an inmate
711	an inmate
712	an inmate
713	an inmate
714	an inmate
715	an inmate
716	an inmate
717	an inmate
718	an inmate
719	an inmate
720	an inmate
721	an inmate
722	an inmate
723	an inmate
724	an inmate
725	an inmate
726	an inmate
727	an inmate
728	an inmate
729	an inmate
730	an inmate
731	an inmate
732	an inmate
733	an inmate
734	an inmate
735	an inmate
736	an inmate
737	an inmate
738	an inmate
739	an inmate
740	an inmate
741	an inmate
742	an inmate
743	an inmate
744	an inmate
745	an inmate
746	an inmate
747	an inmate
748	an inmate
749	an inmate
750	an inmate
751	an inmate
752	an inmate
753	an inmate
754	an inmate
755	an inmate
756	an inmate
757	an inmate
758	an inmate
759	an inmate
760	an inmate
761	an inmate
762	an inmate
763	an inmate
764	an inmate
765	an inmate
766	an inmate
767	an inmate
768	an inmate
769	an inmate
770	an inmate
771	an inmate
772	an inmate
773	an inmate
774	an inmate
775	an inmate
776	an inmate
777	an inmate
778	an inmate
779	an inmate
780	an inmate
781	an inmate
782	an inmate
783	an inmate
784	an inmate
785	an inmate
786	an inmate
787	an inmate
788	an inmate
789	an inmate
790	an inmate
791	an inmate
792	an inmate
793	an inmate
794	an inmate
795	an inmate
796	an inmate
797	an inmate
798	an inmate
799	an inmate
800	an inmate
801	an inmate
802	an inmate
803	an inmate
804	an inmate
805	an inmate
806	an inmate
807	an inmate
808	an inmate
809	an inmate
810	an inmate
811	an inmate
812	an inmate
813	an inmate
814	an inmate
815	an inmate
816	an inmate
817	an inmate
818	an inmate
819	an inmate
820	an inmate
821	an inmate
822	an inmate
823	an inmate
824	an inmate
825	an inmate
826	an inmate
827	an inmate
828	an inmate
829	an inmate
830	an inmate
831	an inmate
832	an inmate
833	an inmate
834	an inmate
835	an inmate
836	an inmate
837	an inmate
838	an inmate
839	an inmate
840	an inmate
841	an inmate
842	an inmate
843	an inmate
844	an inmate
845	an inmate
846	an inmate
847	an inmate
848	an inmate
849	an inmate
850	an inmate
851	an inmate
852	an inmate
853	an inmate
854	an inmate
855	an inmate
856	an inmate
857	an inmate
858	an inmate
859	an inmate
860	an inmate
861	an inmate
862	an inmate
863	an inmate
864	an inmate
865	an inmate
866	an inmate
867	an inmate
868	an inmate
869	an inmate
870	an inmate
871	an inmate
872	an inmate
873	an inmate
874	an inmate
875	an inmate
876	an inmate
877	an inmate
878	an inmate
879	an inmate
880	an inmate
881	an inmate
882	an inmate
883	an inmate
884	an inmate
885	an inmate
886	an inmate
887	an inmate
888	an inmate
889	an inmate
890	an inmate
891	an inmate
892	an inmate
893	an inmate
894	an inmate
895	an inmate
896	an inmate
897	an inmate
898	an inmate
899	an inmate
900	an inmate
901	an inmate
902	an inmate
903	an inmate
904	an inmate
905	an inmate
906	an inmate
907	an inmate
908	an inmate
909	an inmate
910	an inmate
911	an inmate
912	an inmate
913	an inmate
914	an inmate
915	an inmate
916	an inmate
917	an inmate
918	an inmate
919	an inmate
920	an inmate
921	an inmate
922	an inmate
923	an inmate
924	an inmate
925	an inmate
926	an inmate
927	an inmate
928	an inmate
929	an inmate
930	an inmate
931	an inmate
932	an inmate
933	an inmate
934	an inmate
935	an inmate
936	an inmate
937	an inmate
938	an inmate
939	an inmate
940	an inmate
941	an inmate
942	an inmate
943	an inmate
944	an inmate
945	an inmate
946	an inmate
947	an inmate
948	an inmate
949	an inmate
950	an inmate
951	an inmate
952	an inmate
953	an inmate
954	an inmate
955	an inmate
956	an inmate
957	an inmate
958	an inmate
959	an inmate
960	an inmate
961	an inmate
962	an inmate
963	an inmate
964	an inmate
965	an inmate
966	an inmate
967	an inmate
968	an inmate
969	an inmate
970	an inmate
971	an inmate
972	an inmate
973	an inmate
974	an inmate
975	an inmate
976	an inmate
977	an inmate
978	an inmate
979	an inmate
980	an inmate
981	an inmate
982	an inmate
983	an inmate
984	an inmate
985	an inmate
986	an inmate
987	an inmate
988	an inmate
989	an inmate
990	an inmate
991	an inmate
992	an inmate
993	an inmate
994	an inmate
995	an inmate
996	an inmate
997	an inmate
998	an inmate
999	an inmate
